<?xml version="1.0" encoding="UTF-8"?>
<project-private xmlns="http://www.netbeans.org/ns/project-private/1">
    <editor-bookmarks xmlns="http://www.netbeans.org/ns/editor-bookmarks/2" lastBookmarkId="0"/>
    <open-files xmlns="http://www.netbeans.org/ns/projectui-open-files/2">
        <group>
            <file>file:/G:/5th%20semester/Java/biggobushonrouth/src/biggobushonrouth/Football.java</file>
            <file>file:/G:/5th%20semester/Java/biggobushonrouth/src/biggobushonrouth/Sports.java</file>
            <file>file:/G:/5th%20semester/Java/biggobushonrouth/src/biggobushonrouth/Player.java</file>
            <file>file:/G:/5th%20semester/Java/biggobushonrouth/src/biggobushonrouth/Main.java</file>
            <file>file:/G:/5th%20semester/Java/biggobushonrouth/src/biggobushonrouth/Cricket.java</file>
        </group>
    </open-files>
</project-private>
